{"select_time": 0.023998498916625977, "_timestamp": 1710824238.745028, "_runtime": 27.966231107711792, "_step": 83, "epoch": 0, "train_loss_avg": NaN, "train_loss": NaN, "train_acc_avg": 10.15, "train_acc": 25.0, "lr": 252.71862778449196, "train_batch_time_avg": 0.10738881630233571, "train_batch_time": 0.0912621021270752, "epoch training_time": 8.542112112045288, "val_loss_avg": NaN, "val_loss": NaN, "val_acc_avg": 10.0, "val_acc_val": 6.25, "val_batch_time_avg": 0.03432294474843213, "val_batch_time": 0.03094172477722168, "test_loss_avg": NaN, "test_loss": NaN, "test_acc_avg": 10.0, "test_acc": 12.5, "test_batch_time_avg": 0.04138454908057104, "test_batch_time": 0.03229475021362305, "total_training_time": 25.673763275146484, "_wandb": {"runtime": 29}}