{"epoch": 18, "train_loss": 1.3475050120740324, "val_loss": 1.3586406707763672, "train_acc": 51.013513513513516, "val_acc": 54.6875, "lr": 0.09230986101746447, "batch_train_time": 0.06528965846912281, "batch_val_time": 0.04562044143676758, "_timestamp": 1710781917.1502795, "_runtime": 119.22333860397339, "_step": 774, "training_time": 2.8143022060394287, "_wandb": {"runtime": 118}}