{"select_time": 0.023797035217285156, "_timestamp": 1710824341.6268075, "_runtime": 27.858336448669434, "_step": 83, "epoch": 0, "train_loss_avg": NaN, "train_loss": NaN, "train_acc_avg": 10.23, "train_acc": 0.0, "lr": 252.71862778449196, "train_batch_time_avg": 0.10697069952759562, "train_batch_time": 0.09189844131469727, "epoch training_time": 8.525353193283081, "val_loss_avg": NaN, "val_loss": NaN, "val_acc_avg": 10.0, "val_acc_val": 6.25, "val_batch_time_avg": 0.03381834127713957, "val_batch_time": 0.030026912689208984, "test_loss_avg": NaN, "test_loss": NaN, "test_acc_avg": 10.0, "test_acc": 12.5, "test_batch_time_avg": 0.04166516774817358, "test_batch_time": 0.03135514259338379, "total_training_time": 25.504846334457397, "_wandb": {"runtime": 29}}