{"select_time": 0.02249622344970703, "_timestamp": 1710858197.075335, "_runtime": 13.317035913467407, "_step": 126, "epoch": 0, "train_loss_avg": 2.3647161362663147, "train_loss": 1.885418176651001, "train_acc_avg": 21.341765873015873, "train_acc": 28.125, "lr": 0.10002369214499654, "train_batch_time_avg": 0.08625034869663299, "train_batch_time": 0.046675920486450195, "_wandb": {"runtime": 12}}